"fichero","seccion","linea","castellano","ingles_referencia","EUSKERA"
"copy.ts","AREAS_INTRO","84","DÓNDE TRABAJAMOS","WHERE WE WORK",""
"copy.ts","AREAS_INTRO","86","Somos un estudio de Irún y trabajamos en remoto: con Gipuzkoa, que es nuestra casa, y con toda España.","We are a studio from Irún and we work remotely: with Gipuzkoa, which is home, and with the whole of Spain.",""
"copy.ts","areas","97","Nuestra base. Comercios, hostelería y pymes del Bidasoa, la zona que mejor conocemos.","Our home base. Shops, restaurants and small businesses in the Bidasoa area — the ground we know best.",""
"copy.ts","areas","106","Comercio, hostelería, estudios y profesionales de Donostia y su comarca.","Shops, restaurants, studios and professionals in Donostia and its surroundings.",""
"copy.ts","areas","115","Toda la provincia: Errenteria, Oiartzun, Pasaia, Lezo, Hernani, Tolosa, Eibar.","The whole province: Errenteria, Oiartzun, Pasaia, Lezo, Hernani, Tolosa, Eibar.",""
"copy.ts","areas","124","Restaurantes, hoteles y comercio del casco histórico y la Marina.","Restaurants, hotels and shops in the old town and the Marina.",""
"copy.ts","areas","133","Trabajamos igual estés donde estés: todo por videollamada, email y WhatsApp.","We work the same wherever you are: all over video call, email and WhatsApp.",""
"copy.ts","BUSINESS_DESCRIPTION","176","Estudio de diseño y programación de páginas web en Irún (Gipuzkoa). Páginas web a medida, tiendas online, branding y SEO local para negocios de Irún, Donostia-San Sebastián y toda Gipuzkoa.","Web design and development studio based in Irún, Basque Country (Spain). Custom websites, online stores, branding and local SEO for small businesses.",""
"copy.ts","OFFER_CATALOG","182","Servicios de diseño y desarrollo web","Web design and development services",""
"copy.ts","SEO_DEFAULT","188","Diseño de páginas web en Irún y Gipuzkoa | arianet","Web design and development studio | arianet",""
"copy.ts","SEO_DEFAULT","192","Diseño y programación de páginas web en Irún. Webs a medida, tiendas online y SEO local para negocios de Irún, San Sebastián y Gipuzkoa. Desde 29 €/mes.","Custom websites, online stores and SEO for small businesses. Remote studio based in Irún, Basque Country. Flat rate from €29/month, no lock-in.",""
"copy.ts","SEO_DEFAULT","196","${BRAND} — estudio digital","${BRAND} — digital studio",""
"copy.ts","META","202","DISEÑO Y PROGRAMACIÓN WEB","WEB DESIGN & DEVELOPMENT",""
"copy.ts","META","203","IRÚN · GIPUZKOA","IRÚN · GIPUZKOA / SPAIN",""
"copy.ts","META","204","EST. 2026","EST. 2026",""
"copy.ts","NAV","210","SERVICIOS","SERVICES",""
"copy.ts","NAV","211","QUÉ INCLUYE","WHAT YOU GET",""
"copy.ts","NAV","212","PROCESO","PROCESS",""
"copy.ts","NAV","213","TRABAJO","WORK",""
"copy.ts","NAV","214","TARIFAS","PRICING",""
"copy.ts","NAV","215","FAQ","FAQ",""
"copy.ts","NAV","217","HABLEMOS →","LET'S TALK →",""
"copy.ts","NAV","219","Inicio","Home",""
"copy.ts","NAV","220","MENÚ","MENU",""
"copy.ts","NAV","221","CERRAR","CLOSE",""
"copy.ts","NAV","222","IDIOMA","LANGUAGE",""
"copy.ts","NAV","224","Abrir menú","Open menu",""
"copy.ts","NAV","225","Cerrar menú","Close menu",""
"copy.ts","HERO","231","DISPONIBLES PARA PROYECTOS","OPEN FOR NEW PROJECTS",""
"copy.ts","HERO","232","QUÉ HACEMOS ↓","WHAT WE DO ↓",""
"copy.ts","HERO","237","DISEÑO WEB","WEB DESIGN",""
"copy.ts","HERO","238","EN IRÚN","IN IRÚN",""
"copy.ts","HERO","243","Diseño y programación de páginas web para negocios de Irún, Donostia-San Sebastián y toda Gipuzkoa. En remoto, también para el resto de España.","Web design and development for businesses in Irún, Donostia-San Sebastián and across Gipuzkoa. Remotely, for the rest of Spain too.",""
"copy.ts","HERO","247","Construimos las webs que tu competencia va a querer copiar. Branding, páginas web y tiendas online, diseñadas desde cero. Tarifa plana desde 29 €/mes, sin permanencia.","We build the websites your competitors will wish they had. Branding, websites and online stores, designed from scratch. Flat rate from €29/mo, no lock-in.",""
"copy.ts","HERO","250","EMPEZAR PROYECTO →","START A PROJECT →",""
"copy.ts","HERO","251","VER TRABAJO","SEE WORK",""
"copy.ts","heroIndex","256","BRANDING","BRANDING",""
"copy.ts","heroIndex","257","WEB","WEB",""
"copy.ts","heroIndex","258","E-COMMERCE","E-COMMERCE",""
"copy.ts","heroIndex","259","UX / UI","UX / UI",""
"copy.ts","heroIndex","260","MOBILE","MOBILE",""
"copy.ts","heroIndex","261","SEO","SEO",""
"copy.ts","marquee","266","Branding","Branding",""
"copy.ts","marquee","267","Diseño Web","Web Design",""
"copy.ts","marquee","268","E-Commerce","E-Commerce",""
"copy.ts","marquee","269","UX/UI","UX/UI",""
"copy.ts","marquee","270","Apps Móviles","Mobile Apps",""
"copy.ts","marquee","271","SEO","SEO",""
"copy.ts","marquee","272","Landing Pages","Landing Pages",""
"copy.ts","marquee","273","Mantenimiento","Maintenance",""
"copy.ts","WORK_INTRO","279","ALGUNOS PROYECTOS","SOME PROJECTS",""
"copy.ts","WORK_INTRO","281","Proyectos reales, no maquetas. Muy pronto habrá más.","Real projects, not mockups. More coming very soon.",""
"copy.ts","WORK_INTRO","284","DESLIZA PARA VER MÁS →","SWIPE TO SEE MORE →",""
"copy.ts","work","295","TIENDA ONLINE","ONLINE STORE",""
"copy.ts","work","298","Boutique de licores en Irún — recogida en tienda y verificación de edad.","A boutique liquor store in Irún — in-store pickup and age verification.",""
"copy.ts","work","305","APLICACIÓN WEB · UX/UI","WEB APP · UX/UI",""
"copy.ts","work","308","Portal a medida para un clan de Clash of Clans: login, guerras y estadísticas.","A custom portal for a Clash of Clans clan: login, wars and stats.",""
"copy.ts","work","315","PROYECTO PROPIO · SEO","OWN PROJECT · SEO",""
"copy.ts","work","318","Comparativas y guías para posicionar en buscadores. Sin cliente detrás.","Comparisons and guides built to rank in search. No client behind it.",""
"copy.ts","work","325","PROYECTO PROPIO · MEDIO DIGITAL","OWN PROJECT · DIGITAL MEDIA",""
"copy.ts","work","328","La economía mundial, cada día: informes de mercado, noticias y newsletter.","The global economy, every day: market reports, news and a newsletter.",""
"copy.ts","SERVICIOS_INTRO","339","LO QUE HACEMOS","WHAT WE DO",""
"copy.ts","SERVICIOS_INTRO","341","Un solo equipo, de principio a fin — del primer boceto al día del lanzamiento.","One team, end to end — from the first sketch to launch day.",""
"copy.ts","services","365","Branding e identidad","Branding & identity",""
"copy.ts","services","367","Logo, paleta y un sistema visual que hace que te recuerden.","Logo, palette and a visual system that makes you memorable.",""
"copy.ts","services","372","Diseño de logos y branding en Irún, Gipuzkoa","Logo design and brand identity",""
"copy.ts","services","376","Diseño de logotipos e identidad de marca para negocios de Irún, San Sebastián y Gipuzkoa. Logo, paleta, tipografías y guía de marca. Presupuesto sin compromiso.","Logo, colour palette, typography and brand guidelines for small businesses. Remote studio based in Irún, Basque Country. Free quote, no strings attached.",""
"copy.ts","services","386","Diseño de páginas web","Web design",""
"copy.ts","services","388","Diseños a medida pensados para tu negocio, nunca plantillas.","Custom designs built for your business — never templates.",""
"copy.ts","services","396","Diseño de páginas web a medida, sin plantillas","Custom web design and development — never templates",""
"copy.ts","services","400","Diseñamos y programamos tu web desde cero, adaptada a tu negocio: responsive, rápida y con SEO técnico desde el primer día. Estudio en Irún, Gipuzkoa.","We design and build your website from scratch, tailored to your business: responsive, fast and with technical SEO from day one. Remote studio in the Basque Country.",""
"copy.ts","services","410","Tiendas online","Online stores",""
"copy.ts","services","412","E-commerce rápido y fácil de gestionar que convierte.","Fast, easy-to-manage e-commerce that converts.",""
"copy.ts","services","417","Crear tienda online en Irún y Gipuzkoa | E-commerce","Online store development | E-commerce",""
"copy.ts","services","421","Creamos tu tienda online: catálogo, carrito, pagos seguros y panel para gestionarla tú. Para comercios de Irún, San Sebastián y toda Gipuzkoa. Desde 99 €/mes.","We build your online store: catalogue, cart, secure payments and a panel you manage yourself. Flat rate from €99/month, no lock-in.",""
"copy.ts","services","431","Landing pages","Landing pages",""
"copy.ts","services","433","Páginas de campaña con un único objetivo: convertir.","Campaign pages with one single goal: converting.",""
"copy.ts","services","438","Landing pages para campañas | Irún, Gipuzkoa","Landing pages for campaigns",""
"copy.ts","services","442","Páginas de campaña con un único objetivo: que te contacten. Copy persuasivo, analítica y listas en días. Para negocios de Irún, Donostia y Gipuzkoa.","Campaign pages with a single goal: getting people to contact you. Persuasive copy, analytics and live in days rather than months.",""
"copy.ts","services","452","UX / UI de apps","App UX / UI",""
"copy.ts","services","454","Interfaces claras para aplicaciones web y móviles.","Clear interfaces for web and mobile apps.",""
"copy.ts","services","459","Diseño UX/UI de apps y aplicaciones web | arianet","UX/UI design for apps and web applications",""
"copy.ts","services","463","Diseño de interfaces para aplicaciones web y móviles: flujos, sistema de diseño y prototipos navegables antes de programar. Estudio en Irún, Gipuzkoa.","Interface design for web and mobile applications: user flows, design system and clickable prototypes before a single line of code is written.",""
"copy.ts","services","473","Aplicaciones móviles","Mobile apps",""
"copy.ts","services","475","Apps nativas para iOS y Android, del diseño a la publicación.","Native iOS and Android apps, from design to release.",""
"copy.ts","services","483","Desarrollo de apps para iOS y Android | arianet","Native iOS and Android app development",""
"copy.ts","services","487","Desarrollo de aplicaciones móviles nativas para iOS y Android: diseño, programación y publicación en App Store y Google Play. Estudio en Irún, Gipuzkoa.","Native mobile app development for iOS and Android: design, build and publishing on the App Store and Google Play.",""
"copy.ts","services","497","SEO y posicionamiento","SEO",""
"copy.ts","services","499","Optimización técnica y de contenido para que te encuentren.","Technical and content optimization so people find you.",""
"copy.ts","services","504","Posicionamiento SEO en Irún y San Sebastián","SEO and search engine positioning",""
"copy.ts","services","508","SEO técnico y de contenido para salir en Google cuando tu cliente te busca. Posicionamiento local para negocios de Irún, Donostia-San Sebastián y Gipuzkoa.","Technical and content SEO so you show up on Google when your customer is searching. Local positioning for small businesses.",""
"copy.ts","services","518","Mantenimiento web","Maintenance",""
"copy.ts","services","520","Actualizaciones, seguridad y soporte continuo.","Updates, security and ongoing support.",""
"copy.ts","services","525","Mantenimiento de páginas web | Irún, Gipuzkoa","Website maintenance and support",""
"copy.ts","services","529","Mantenimiento web mensual: actualizaciones, seguridad, copias de seguridad y soporte real. Incluido en la tarifa plana, sin permanencia. Estudio en Irún.","Monthly website maintenance: updates, security, backups and real support. Included in the flat rate, with no lock-in.",""
"copy.ts","serviceDetails","551","Antes de escribir una sola línea de código, definimos quién eres: el logo, los colores, la tipografía y el tono con el que hablas a tus clientes. Todo lo que viene después — la web, las redes, hasta las facturas — parte de aquí.","Before writing a single line of code, we define who you are: the logo, the colours, the type and the tone you use with your customers. Everything that comes after — the website, social media, even invoices — starts here.",""
"copy.ts","serviceDetails","556","Logo y variantes","Logo and variants",""
"copy.ts","serviceDetails","558","Tu marca en positivo, en negativo y a una sola tinta, lista para cualquier soporte.","Your mark in positive, negative and single-colour versions, ready for any medium.",""
"copy.ts","serviceDetails","563","Paleta y tipografía","Colour palette and type",""
"copy.ts","serviceDetails","565","Los colores y las fuentes que te van a representar en todas partes, no solo en la web.","The colours and typefaces that represent you everywhere, not just on the website.",""
"copy.ts","serviceDetails","570","Mini guía de marca","Mini brand guide",""
"copy.ts","serviceDetails","572","Un documento corto con las reglas básicas, para que quien use tu marca no la desvirtúe.","A short document with the basic rules, so anyone using your brand keeps it consistent.",""
"copy.ts","serviceDetails","579","Aún no tenemos un caso de branding público — si quieres ser el primero, hablamos.","We don't have a public branding case yet — if you want to be the first, let's talk.",""
"copy.ts","serviceDetails","586","Diseñamos cada pantalla pensando en tu negocio real, no en una plantilla genérica. Estructura, jerarquía visual y texto persuasivo — todo colocado con intención.","We design every screen thinking about your actual business, not a generic template. Structure, visual hierarchy and persuasive copy — all placed with intention.",""
"copy.ts","serviceDetails","591","Diseño a medida","Custom design",""
"copy.ts","serviceDetails","593","Cada sección pensada para tu contenido real, no rellenada con texto de relleno.","Every section designed for your real content, not filled with placeholder text.",""
"copy.ts","serviceDetails","598","100% responsive","100% responsive",""
"copy.ts","serviceDetails","600","Se ve bien en el móvil de tu cliente igual que en tu portátil.","Looks good on your customer's phone just as well as on your laptop.",""
"copy.ts","serviceDetails","605","SEO técnico desde la base","Technical SEO from day one",""
"copy.ts","serviceDetails","607","Estructura y velocidad pensadas para que Google te encuentre desde el primer día.","Structure and speed built so Google finds you from day one.",""
"copy.ts","serviceDetails","622","Catálogo, carrito, pagos y gestión — todo conectado para que puedas vender desde el primer día, sin depender de nosotros para cada cambio de precio.","Catalogue, cart, payments and management — all connected so you can start selling from day one, without depending on us for every price change.",""
"copy.ts","serviceDetails","627","Catálogo y categorías","Catalogue and categories",""
"copy.ts","serviceDetails","629","Organiza tus productos como tiene sentido para tus clientes, no para una plantilla.","Organise your products the way your customers expect, not the way a template dictates.",""
"copy.ts","serviceDetails","634","Pasarela de pago segura","Secure payment gateway",""
"copy.ts","serviceDetails","636","Cobros online con los proveedores habituales, sin que tengas que gestionar tarjetas tú mismo.","Online payments with standard providers, without you having to handle card data yourself.",""
"copy.ts","serviceDetails","641","Panel de gestión propio","Your own admin panel",""
"copy.ts","serviceDetails","643","Añade productos, cambia precios y stock tú mismo, sin escribirnos cada vez.","Add products, change prices and stock yourself, without writing to us every time.",""
"copy.ts","serviceDetails","658","Una página, un objetivo. Ideal para campañas, lanzamientos o anuncios — lista en días, no en semanas.","One page, one goal. Ideal for campaigns, launches or ads — ready in days, not weeks.",""
"copy.ts","serviceDetails","663","Un solo objetivo","A single goal",""
"copy.ts","serviceDetails","665","Nada de menús ni enlaces de salida — todo empuja hacia la misma acción.","No menus or exit links — everything pushes toward the same action.",""
"copy.ts","serviceDetails","670","Copy persuasivo","Persuasive copy",""
"copy.ts","serviceDetails","672","Texto escrito para convertir, no solo para informar.","Copy written to convert, not just to inform.",""
"copy.ts","serviceDetails","677","Medible desde el día uno","Measurable from day one",""
"copy.ts","serviceDetails","679","Lista para conectar analítica y medir qué funciona de verdad.","Ready to connect analytics and measure what actually works.",""
"copy.ts","serviceDetails","686","Aún no tenemos una landing propia que enseñar — muy pronto.","We don't have our own landing example to show yet — coming soon.",""
"copy.ts","serviceDetails","693","Interfaces claras para aplicaciones web y móviles — desde el primer boceto hasta la pantalla final, pensando en cómo la usa alguien de verdad, no en cómo queda en una presentación.","Clear interfaces for web and mobile apps — from the first sketch to the final screen, designed around how someone actually uses it, not how it looks in a slide.",""
"copy.ts","serviceDetails","698","Flujos de principio a fin","End-to-end flows",""
"copy.ts","serviceDetails","700","Cada pantalla resuelve un paso concreto del usuario, sin fricción de más.","Every screen solves one concrete user step, with no extra friction.",""
"copy.ts","serviceDetails","705","Sistemas de diseño reutilizables","Reusable design systems",""
"copy.ts","serviceDetails","707","Componentes consistentes que escalan cuando la aplicación crece.","Consistent components that scale as the application grows.",""
"copy.ts","serviceDetails","712","Prototipos navegables","Clickable prototypes",""
"copy.ts","serviceDetails","714","Pruebas la aplicación antes de que se escriba una sola línea de código de producción.","You try the app before a single line of production code is written.",""
"copy.ts","serviceDetails","729","Desarrollamos aplicaciones nativas para iOS y Android: el diseño, la programación y la publicación en App Store y Google Play. A diferencia del resto de servicios, una app no entra en la tarifa plana — cada proyecto se presupuesta aparte, porque no se parece en nada al anterior.","We build native apps for iOS and Android: the design, the development and the release on the App Store and Google Play. Unlike our other services, an app does not fit the flat rate — each project is quoted separately, because no two are alike.",""
"copy.ts","serviceDetails","734","Nativas en las dos plataformas","Native on both platforms",""
"copy.ts","serviceDetails","736","iOS y Android desarrolladas en su lenguaje propio, no una web metida dentro de una app.","iOS and Android built in their own languages, not a website wrapped inside an app.",""
"copy.ts","serviceDetails","741","Del boceto a la tienda","From sketch to store",""
"copy.ts","serviceDetails","743","Nos encargamos también de las fichas, capturas y del proceso de revisión de Apple y Google.","We also handle store listings, screenshots and the Apple and Google review process.",""
"copy.ts","serviceDetails","748","Presupuesto cerrado antes de empezar","A closed quote before we start",""
"copy.ts","serviceDetails","750","Analizamos qué necesita la app y te damos un precio y un plazo por escrito, sin sorpresas a mitad.","We analyse what the app needs and give you a written price and timeline, with no surprises halfway.",""
"copy.ts","serviceDetails","757","Todavía no tenemos una app publicada que enseñar. Preferimos decirlo antes que rellenar esto con capturas de otro.","We don't have a published app to show yet. We'd rather say so than fill this with someone else's screenshots.",""
"copy.ts","serviceDetails","764","De poco sirve una web bonita si nadie la encuentra. Trabajamos la parte técnica y el contenido para que aparezcas cuando tu cliente te busca.","A beautiful website is not much use if nobody finds it. We work the technical side and the content so you show up when your customer searches for you.",""
"copy.ts","serviceDetails","769","SEO técnico","Technical SEO",""
"copy.ts","serviceDetails","771","Velocidad, estructura y metadatos — la base que Google necesita para entenderte.","Speed, structure and metadata — the foundation Google needs to understand you.",""
"copy.ts","serviceDetails","776","Contenido pensado para buscar","Content built for search",""
"copy.ts","serviceDetails","778","Textos escritos para las preguntas reales que hace tu cliente, no solo para sonar bien.","Copy written for the real questions your customers ask, not just to sound good.",""
"copy.ts","serviceDetails","783","Seguimiento de posiciones","Ranking tracking",""
"copy.ts","serviceDetails","785","Medimos si subes en Google, no solo si publicamos contenido.","We measure whether you climb in Google, not just whether content gets published.",""
"copy.ts","serviceDetails","800","Una web no se acaba el día del lanzamiento. Nos encargamos de que siga funcionando, segura y actualizada — para que no tengas que pensar en ello.","A website isn't finished on launch day. We make sure it keeps running, secure and up to date — so you don't have to think about it.",""
"copy.ts","serviceDetails","805","Actualizaciones y seguridad","Updates and security",""
"copy.ts","serviceDetails","807","Parcheamos y actualizamos por ti, sin que tengas que estar pendiente.","We patch and update on your behalf, without you needing to keep watch.",""
"copy.ts","serviceDetails","812","Copias de seguridad","Backups",""
"copy.ts","serviceDetails","814","Si algo falla, hay una versión anterior a la que volver.","If something breaks, there is a previous version to fall back to.",""
"copy.ts","serviceDetails","819","Soporte real","Real support",""
"copy.ts","serviceDetails","821","Nos escribes, te respondemos — no un ticket que desaparece en un buzón.","You write to us, we reply — not a ticket that disappears into an inbox.",""
"copy.ts","serviceDetails","828","Es un servicio continuo, no un proyecto puntual — por eso no lleva un ejemplo cerrado.","It's an ongoing service, not a one-off project — that's why it has no single example.",""
"copy.ts","SERVICE_PAGE","836","← Volver al inicio","← Back to home",""
"copy.ts","SERVICE_PAGE","837","Servicios","Services",""
"copy.ts","SERVICE_PAGE","838","Qué incluye","What's included",""
"copy.ts","SERVICE_PAGE","839","Ejemplo real","Real example",""
"copy.ts","SERVICE_PAGE","840","Ver sitio →","Visit site →",""
"copy.ts","SERVICE_PAGE","841","¿Hablamos de tu proyecto? →","Let's talk about your project →",""
"copy.ts","PROYECTOS_INTRO","847","QUÉ TE LLEVAS","WHAT YOU GET",""
"copy.ts","PROYECTOS_INTRO","849","Entregables claros, cero sorpresas — justo lo que acaba en tus manos.","Clear deliverables, zero surprises — exactly what ends up in your hands.",""
"copy.ts","packages","857","Web a medida","Custom website",""
"copy.ts","packages","859","Tu sitio diseñado desde cero, sin plantillas.","Your site designed from scratch — no templates.",""
"copy.ts","packages","863","Diseño único para tu marca","A design unique to your brand",""
"copy.ts","packages","864","100% responsive (móvil y escritorio)","100% responsive (mobile & desktop)",""
"copy.ts","packages","865","Rápida y optimizada","Fast and optimized",""
"copy.ts","packages","866","SEO básico incluido","Basic SEO included",""
"copy.ts","packages","871","Tienda online","Online store",""
"copy.ts","packages","873","Lista para empezar a vender desde el día uno.","Ready to start selling from day one.",""
"copy.ts","packages","877","Catálogo de productos","Product catalogue",""
"copy.ts","packages","878","Pasarela de pago segura","Secure payment gateway",""
"copy.ts","packages","879","Gestión fácil para ti","Easy to manage yourself",""
"copy.ts","packages","880","Pensada para convertir","Built to convert",""
"copy.ts","packages","885","Branding","Branding",""
"copy.ts","packages","887","Una identidad que hace que te recuerden.","An identity that makes you memorable.",""
"copy.ts","packages","891","Logo y marca","Logo and wordmark",""
"copy.ts","packages","892","Paleta de color y tipografías","Colour palette and type",""
"copy.ts","packages","893","Mini guía de uso","Mini brand guide",""
"copy.ts","packages","894","Coherencia en todo","Consistency everywhere",""
"copy.ts","packages","899","Landing / campaña","Landing / campaign",""
"copy.ts","packages","900","Una página, un objetivo: convertir.","One page, one goal: convert.",""
"copy.ts","packages","902","Enfocada en un solo objetivo","Focused on a single goal",""
"copy.ts","packages","903","Texto persuasivo","Persuasive copy",""
"copy.ts","packages","904","Lista en pocos días","Ready in a few days",""
"copy.ts","packages","905","Medible y optimizable","Measurable and optimizable",""
"copy.ts","MANIFIESTO","912","(MANIFIESTO)","(MANIFESTO)",""
"copy.ts","MANIFIESTO","914","No vendemos plantillas. Diseñamos cada píxel a propósito — para que tu marca no se parezca a ninguna otra.","We don't sell templates. We design every pixel on purpose — so your brand looks like nobody else's.",""
"copy.ts","commitments","921","Revisiones sin límite en el diseño","Unlimited design revisions",""
"copy.ts","commitments","922","Hasta que estés 100% contento con tu web.","Until you're 100% happy with your site.",""
"copy.ts","commitments","925","Entrega rápida","Fast delivery",""
"copy.ts","commitments","926","Plazos cortos, sin esperas eternas.","Short timelines, no endless waits.",""
"copy.ts","commitments","929","Sin permanencias","No lock-ins",""
"copy.ts","commitments","930","Ni letra pequeña. Cero sorpresas.","No fine print. Zero surprises.",""
"copy.ts","commitments","933","Dedicación total","Full dedication",""
"copy.ts","commitments","935","Trato directo y foco en tu proyecto.","Direct contact, focused on your project.",""
"copy.ts","PROCESO_INTRO","944","CÓMO TRABAJAMOS","HOW WE WORK",""
"copy.ts","steps","950","Descubrimiento","Discovery",""
"copy.ts","steps","952","Entendemos tu negocio, tu público y tus objetivos.","We understand your business, audience and goals.",""
"copy.ts","steps","958","Diseño","Design",""
"copy.ts","steps","960","Damos forma a la identidad y a cada pantalla, contigo.","We shape the identity and every screen, with you.",""
"copy.ts","steps","966","Desarrollo","Development",""
"copy.ts","steps","968","Construimos una web rápida, segura y lista para crecer.","We build a fast, secure site ready to grow.",""
"copy.ts","steps","974","Lanzamiento","Launch",""
"copy.ts","steps","976","Publicamos, medimos y te acompañamos después.","We publish, measure and support you after.",""
"copy.ts","TARIFAS_INTRO","985","TARIFAS PLANAS","FLAT-RATE PLANS",""
"copy.ts","TARIFAS_INTRO","987","Una cuota fija al mes. Hosting, SSL y mantenimiento — todo dentro. Sin facturas raras.","One fixed fee a month. Hosting, SSL and maintenance — all in. No weird invoices.",""
"copy.ts","TARIFAS_INTRO","990","DESDE","FROM",""
"copy.ts","TARIFAS_INTRO","991","/mes","/mo",""
"copy.ts","TARIFAS_INTRO","992","+ alta única","+ one-time setup",""
"copy.ts","TARIFAS_INTRO","993","Sin cuota de alta","No setup fee",""
"copy.ts","TARIFAS_INTRO","994","CAMBIOS INCLUIDOS","INCLUDED CHANGES",""
"copy.ts","TARIFAS_INTRO","995","EMPEZAR →","GET STARTED →",""
"copy.ts","TARIFAS_INTRO","996","DESLIZA PARA VER LOS PLANES →","SWIPE TO SEE THE PLANS →",""
"copy.ts","TARIFAS_INTRO","998","* Precios sin IVA. Dominio sujeto a disponibilidad y precio, pago único aparte. Cada plan incluye una alta única de puesta en marcha (ver cada tarjeta). En Tienda online y Premium, gestionar tu catálogo desde tu propio panel no cuenta como cambio; las comisiones de la pasarela de pago las cobra directamente tu proveedor de pago. Sin permanencia — cancela cuando quieras.","* Prices exclude VAT. Domain subject to availability and price, one-time payment. Each plan includes a one-time setup fee (see each card). On Online store and Premium, managing your catalogue from your own panel doesn't count as a change; payment gateway fees are charged directly by your payment provider. No lock-in — cancel whenever you want.",""
"copy.ts","plans","1015","Esencial","Essential",""
"copy.ts","plans","1020","Tu presencia online, lista y sin preocupaciones.","Your online presence, sorted and worry-free.",""
"copy.ts","plans","1024","Web de hasta 5 páginas","Website up to 5 pages",""
"copy.ts","plans","1025","Hosting + SSL incluidos","Hosting + SSL included",""
"copy.ts","plans","1026","Dominio gestionado*","Managed domain*",""
"copy.ts","plans","1027","Mantenimiento y actualizaciones","Maintenance & updates",""
"copy.ts","plans","1028","Soporte por email","Email support",""
"copy.ts","plans","1030","Hasta 2 cambios de contenido/mes","Up to 2 content changes/mo",""
"copy.ts","plans","1034","Profesional","Professional",""
"copy.ts","plans","1035","POPULAR","POPULAR",""
"copy.ts","plans","1039","Para negocios que quieren crecer en serio.","For businesses that want to grow for real.",""
"copy.ts","plans","1043","Todo lo de Esencial","Everything in Essential",""
"copy.ts","plans","1044","Hasta 15 páginas","Up to 15 pages",""
"copy.ts","plans","1045","Blog y formularios","Blog and forms",""
"copy.ts","plans","1046","SEO y velocidad optimizados","SEO & speed optimized",""
"copy.ts","plans","1047","Soporte prioritario","Priority support",""
"copy.ts","plans","1049","Hasta 5 cambios de contenido/mes","Up to 5 content changes/mo",""
"copy.ts","plans","1053","Tienda online","Online store",""
"copy.ts","plans","1058","Vende online con login, carrito y pagos.","Sell online with login, cart and payments.",""
"copy.ts","plans","1062","Todo lo de Profesional","Everything in Professional",""
"copy.ts","plans","1063","Carrito y pasarela de pago","Cart & payment gateway",""
"copy.ts","plans","1064","Login y área de clientes","Login & customer area",""
"copy.ts","plans","1065","Gestión de productos y stock","Product & stock management",""
"copy.ts","plans","1066","Integraciones a medida","Custom integrations",""
"copy.ts","plans","1069","Hasta 5 cambios de contenido/diseño al mes*","Up to 5 content/design changes a month*",""
"copy.ts","plans","1075","Premium","Premium",""
"copy.ts","plans","1076","SIN ALTA","NO SETUP FEE",""
"copy.ts","plans","1080","Para negocios que se han quedado pequeños en Tienda online.","For businesses that have outgrown Online store.",""
"copy.ts","plans","1084","Todo lo de Tienda online","Everything in Online store",""
"copy.ts","plans","1085","Catálogo de productos sin límite","Unlimited product catalogue",""
"copy.ts","plans","1087","Integraciones avanzadas (marketplaces, CRM, email marketing)","Advanced integrations (marketplaces, CRM, email marketing)",""
"copy.ts","plans","1090","Informe mensual de rendimiento","Monthly performance report",""
"copy.ts","plans","1091","Soporte prioritario por WhatsApp/teléfono","Priority WhatsApp/phone support",""
"copy.ts","plans","1092","Llamada mensual de seguimiento","Monthly check-in call",""
"copy.ts","plans","1095","Hasta 12 cambios de contenido/diseño al mes","Up to 12 content/design changes a month",""
"copy.ts","FAQ_INTRO","1104","PREGUNTAS FRECUENTES","FREQUENTLY\nASKED",""
"copy.ts","FAQ_INTRO","1106","Lo que casi todo el mundo nos pregunta antes de empezar. ¿Te queda otra duda? Escríbenos.","What almost everyone asks before starting. Still have a question? Just write to us.",""
"copy.ts","faqs","1113","¿Cuánto tarda un proyecto?","How long does a project take?",""
"copy.ts","faqs","1115","Una landing puede estar lista en pocos días; una web a medida o una tienda, entre 2 y 4 semanas según el alcance. Fijamos plazos claros antes de empezar.","A landing page can be ready in a few days; a custom site or store, 2 to 4 weeks depending on scope. We agree on clear timelines before starting.",""
"copy.ts","faqs","1120","¿Qué incluye la cuota mensual?","What's included in the monthly fee?",""
"copy.ts","faqs","1122","Hosting, certificado SSL, dominio gestionado, mantenimiento y actualizaciones. Una sola cuota fija, sin facturas sorpresa.","Hosting, SSL certificate, managed domain, maintenance and updates. One fixed fee, no surprise invoices.",""
"copy.ts","faqs","1127","¿Hay algún coste además de la cuota mensual?","Is there any cost besides the monthly fee?",""
"copy.ts","faqs","1129","Solo una alta única al empezar (entre 49€ y 129€ según el plan; gratis en Premium) que cubre la puesta en marcha. Aparte de eso, únicamente el dominio es un pago aparte si lo compramos por ti. Sin sorpresas después.","Just a one-time setup fee when you start (between €49 and €129 depending on the plan; free on Premium) that covers getting everything up and running. Beyond that, only the domain is a separate payment if we buy it for you. No surprises after that.",""
"copy.ts","faqs","1134","¿Hay permanencia?","Is there a lock-in?",""
"copy.ts","faqs","1136","Ninguna. Sin permanencias ni letra pequeña: puedes cancelar cuando quieras.","None. No lock-ins, no fine print: you can cancel whenever you want.",""
"copy.ts","faqs","1142","¿Tengo que preocuparme del dominio o la parte técnica?","Do I have to worry about the domain or the technical side?",""
"copy.ts","faqs","1146","No, de eso nos encargamos nosotros. Compramos el dominio por ti —es un pago único aparte de la cuota, ya que su precio depende del nombre que elijas— y desarrollamos y mantenemos toda la web en casa. Mientras sigas con tu tarifa plana, tu web está siempre online, actualizada y a punto — y si algún día decides no continuar, la damos de baja sin complicaciones.","No, we take care of all that. We buy the domain for you —a one-time purchase separate from your monthly fee, since its price depends on the name you choose— and we build and maintain the whole site in-house. As long as you keep your flat-rate plan, your website stays online, updated and in shape — and if one day you decide not to continue, we take it down with no hassle.",""
"copy.ts","faqs","1151","¿Hacéis cambios después del lanzamiento?","Do you make changes after launch?",""
"copy.ts","faqs","1153","Sí. Cada plan incluye un número de cambios de contenido al mes (2 en Esencial, 5 en Profesional y Tienda online, 12 en Premium), y seguimos contigo para que la web crezca con tu negocio.","Yes. Each plan includes a number of monthly content changes (2 on Essential, 5 on Professional and Online store, 12 on Premium), and we stay with you so the site grows with your business.",""
"copy.ts","faqs","1158","¿Y si ya tengo web o marca?","What if I already have a site or brand?",""
"copy.ts","faqs","1160","Perfecto. Partimos de lo que ya tienes: rediseñamos, migramos o ampliamos sin empezar de cero salvo que tú quieras.","Great. We build on what you already have: redesign, migrate or extend — no starting from scratch unless you want to.",""
"copy.ts","faqs","1169","¿Cuánto cuesta una página web en Irún o San Sebastián?","How much does a website cost in Irún or San Sebastián?",""
"copy.ts","faqs","1173","Con nosotros no pagas 1.500 € de golpe: trabajamos con tarifa plana desde 29 €/mes más un alta única desde 49 €, y ahí dentro va el diseño, el alojamiento, el SSL y el mantenimiento. Una web de comercio o restaurante suele encajar en el plan Esencial o Profesional; una tienda online, en el de 99 €/mes.","You don't pay €1,500 upfront: we work on a flat rate from €29/mo plus a one-time setup from €49, and that covers design, hosting, SSL and maintenance. A shop or restaurant site usually fits the Essential or Professional plan; an online store, the €99/mo one.",""
"copy.ts","faqs","1179","¿Trabajáis solo con negocios de Irún?","Do you only work with businesses from Irún?",""
"copy.ts","faqs","1183","No. Somos de Irún y de ahí viene buena parte de nuestros clientes, pero trabajamos en remoto: con toda Gipuzkoa —Donostia-San Sebastián, Hondarribia, Errenteria, Oiartzun, Pasaia, Lezo, Hernani— y con cualquier punto de España. Todo se lleva por videollamada, email y WhatsApp, sin que tengas que desplazarte a ningún sitio.","No. We are from Irún and a good share of our clients are from here, but we work remotely: across Gipuzkoa —Donostia-San Sebastián, Hondarribia, Errenteria, Oiartzun, Pasaia, Lezo, Hernani— and anywhere in Spain. Everything runs over video call, email and WhatsApp, with no need for you to travel anywhere.",""
"copy.ts","EMPEZAR","1197","Pide presupuesto para tu web | arianet, Irún","Get a quote for your website | arianet",""
"copy.ts","EMPEZAR","1201","Cuéntanos qué necesitas y te enviamos presupuesto en menos de 24 horas, sin compromiso. Páginas web y tiendas online en Irún, San Sebastián y Gipuzkoa.","Tell us what you need and we will send you a quote within 24 hours, no strings attached. Websites and online stores, built remotely from the Basque Country.",""
"copy.ts","EMPEZAR","1206","CUÉNTANOS DE TU PROYECTO","TELL US ABOUT YOUR PROJECT",""
"copy.ts","EMPEZAR","1208","Unas pocas preguntas para entender qué necesitas. Sin ningún compromiso: te respondemos en menos de 24 horas.","A few questions so we understand what you need. No commitment at all: we reply within 24 hours.",""
"copy.ts","EMPEZAR","1211","← Volver al inicio","← Back to home",""
"copy.ts","EMPEZAR","1215","Tus datos","Your details",""
"copy.ts","EMPEZAR","1216","Nombre","Name",""
"copy.ts","EMPEZAR","1217","Email","Email",""
"copy.ts","EMPEZAR","1218","Teléfono (opcional)","Phone (optional)",""
"copy.ts","EMPEZAR","1222","Tu negocio","Your business",""
"copy.ts","EMPEZAR","1223","¿Cómo se llama tu negocio?","What's your business called?",""
"copy.ts","EMPEZAR","1225","¿A qué te dedicas? Cuéntanoslo con tus palabras.","What do you do? Tell us in your own words.",""
"copy.ts","EMPEZAR","1228","¿Ya tienes una web?","Do you already have a website?",""
"copy.ts","EMPEZAR","1229","Sí","Yes",""
"copy.ts","EMPEZAR","1230","No","No",""
"copy.ts","EMPEZAR","1231","URL de tu web actual (opcional)","Your current website URL (optional)",""
"copy.ts","EMPEZAR","1235","Qué necesitas","What you need",""
"copy.ts","EMPEZAR","1237","Elige el plan que más se ajuste. Si no lo tienes claro, dínoslo y te aconsejamos nosotros.","Pick the plan that fits best. If you're not sure, tell us and we'll advise you.",""
"copy.ts","EMPEZAR","1241","No lo tengo claro, aconsejadme","I'm not sure, advise me",""
"copy.ts","EMPEZAR","1247","Qué estilo te gusta","What style do you like",""
"copy.ts","EMPEZAR","1249","Son 3 proyectos reales nuestros, cada uno con una personalidad distinta. Elige el que más se acerque a lo que imaginas para ti.","These are 3 real projects of ours, each with a different personality. Pick the one closest to what you imagine for yourself.",""
"copy.ts","EMPEZAR","1252","No tengo preferencia, aconsejadme","No preference, advise me",""
"copy.ts","EMPEZAR","1257","Elegante y premium","Elegant and premium",""
"copy.ts","EMPEZAR","1262","Atrevido y con carácter","Bold and full of character",""
"copy.ts","EMPEZAR","1267","Limpio y minimalista","Clean and minimal",""
"copy.ts","EMPEZAR","1273","Algo más","Anything else",""
"copy.ts","EMPEZAR","1275","¿Algo más que debamos saber? Referencias, plazos, lo que sea.","Anything else we should know? References, timelines, anything at all.",""
"copy.ts","EMPEZAR","1279","ENVIAR →","SEND →",""
"copy.ts","EMPEZAR","1280","ENVIANDO…","SENDING…",""
"copy.ts","EMPEZAR","1281","* Campo obligatorio","* Required field",""
"copy.ts","EMPEZAR","1285","No hemos podido enviar tu solicitud. Comprueba tu conexión e inténtalo de nuevo, o escríbenos directamente.","We couldn't send your request. Check your connection and try again, or email us directly.",""
"copy.ts","EMPEZAR","1288","ESCRIBIR UN EMAIL →","SEND AN EMAIL →",""
"copy.ts","EMPEZAR","1292","¡Gracias! Pedido recibido.","Thanks! Order received.",""
"copy.ts","EMPEZAR","1294","Hemos recibido tu pedido — en breve te llegará un email de confirmación. Te escribiremos en menos de 24 horas para poner en marcha tu web y acordar la forma de pago. No pagas nada por adelantado.","We've received your order — a confirmation email is on its way. We'll write to you within 24 hours to get your website started and arrange payment. You don't pay anything upfront.",""
"copy.ts","EMPEZAR","1301","¡Gracias!","Thanks!",""
"copy.ts","EMPEZAR","1303","Hemos recibido tu pedido y en breve te llegará un email de confirmación. Te responderemos en menos de 24 horas con el plan que mejor encaja contigo, antes de pedirte nada de pago.","We've received your order and a confirmation email is on its way. We'll get back to you within 24 hours with the plan that fits best, before asking for any payment.",""
"copy.ts","CTA","1312","¿HABLAMOS?","LET'S TALK?",""
"copy.ts","CTA","1314","Cuéntanos dónde estás y a dónde quieres llegar. Te respondemos en menos de 24 horas.","Tell us where you are and where you want to go. We reply within 24 hours.",""
"copy.ts","CTA","1317","EMPEZAR PROYECTO →","START A PROJECT →",""
"copy.ts","localPages","1357","PÁGINAS WEB","WEBSITES",""
"copy.ts","localPages","1358","EN IRÚN","IN IRÚN",""
"copy.ts","localPages","1361","Somos de Irún y trabajamos en remoto, sin oficina de cara al público. Eso no nos aleja de ti: significa que no pagas metros cuadrados vacíos y que puedes contratar tu web sin salir de tu negocio.","We are from Irún and we work remotely, with no walk-in office. That does not put distance between us: it means you are not paying for empty square metres, and you can commission your website without leaving your business.",""
"copy.ts","localPages","1367","Un estudio de aquí","A studio from here",""
"copy.ts","localPages","1369","Conocemos Irún: sabemos la diferencia entre un comercio del centro y uno de Anaka, y que en verano el cliente que entra por tu puerta puede venir de Hendaya. Eso cambia cómo se plantea una web — qué idiomas, qué horarios, qué se enseña primero. No hace falta vernos para que eso se note.","We know Irún: we know the difference between a shop downtown and one in Anaka, and that in summer the customer walking in may be coming from Hendaye. That changes how you plan a website — which languages, which opening hours, what you show first. We don't need to meet for that to show.",""
"copy.ts","localPages","1375","Para el comercio del Bidasoa","For Bidasoa businesses",""
"copy.ts","localPages","1377","Tiendas, bares y restaurantes, talleres, clínicas, autónomos y pymes. Si vendes en local, tu web tiene que llevar gente a la puerta; si vendes online, tiene que cobrar sin fricción. Montamos una cosa o la otra, no un folleto bonito que no hace nada.","Shops, bars and restaurants, workshops, clinics, freelancers and small businesses. If you sell locally, your site has to bring people through the door; if you sell online, it has to take payment without friction. We build one or the other — not a pretty brochure that does nothing.",""
"copy.ts","localPages","1383","Que te encuentren los de aquí","So local people find you",""
"copy.ts","localPages","1385","De poco sirve salir en Google en Sevilla si tu cliente está a tres calles. Trabajamos el posicionamiento local: ficha de empresa en Google, datos coherentes, contenido escrito para lo que la gente busca de verdad en Irún.","Ranking in Seville is no use if your customer is three streets away. We work on local search: your Google business profile, consistent data, and content written for what people actually search for in Irún.",""
"copy.ts","localPages","1391","Una cuota y ya está","One fee and done",""
"copy.ts","localPages","1393","Nada de 1.500 € de golpe y luego arréglatelas. Una cuota fija desde 29 €/mes con el alojamiento, el certificado, el mantenimiento y los cambios dentro. Si un día no te interesa, te vas: no hay permanencia.","No €1,500 upfront and then you're on your own. A fixed fee from €29/mo with hosting, certificate, maintenance and changes included. If one day it stops making sense, you leave: there's no lock-in.",""
"copy.ts","localPages","1398","También trabajamos en","We also work in",""
"copy.ts","localPages","1405","¿Hace falta que nos veamos?","Do we need to meet?",""
"copy.ts","localPages","1407","No. Trabajamos en remoto de principio a fin: la primera toma de contacto por videollamada, y el resto por email o WhatsApp. Suele salir más ágil para los dos, porque no hay que cuadrar agendas ni cerrar el negocio media hora para una reunión.","No. We work remotely from start to finish: a first video call, and the rest over email or WhatsApp. It usually turns out quicker for both sides — no diaries to align and no closing your shop for half an hour.",""
"copy.ts","localPages","1413","¿Trabajáis con comercios pequeños o solo con empresas grandes?","Do you work with small shops or only with large companies?",""
"copy.ts","localPages","1417","Sobre todo con negocios pequeños y autónomos. El plan Esencial (29 €/mes) está pensado exactamente para eso: un comercio o un profesional que necesita una web decente y no puede soltar mil euros de entrada.","Mostly with small businesses and freelancers. The Essential plan (€29/mo) is designed exactly for that: a shop or a professional who needs a decent website and cannot drop a thousand euros upfront.",""
"copy.ts","localPages","1432","DISEÑO WEB","WEB DESIGN",""
"copy.ts","localPages","1433","EN DONOSTIA","IN DONOSTIA",""
"copy.ts","localPages","1436","Somos un estudio de Irún que trabaja con negocios de Donostia en remoto. Lo decimos claro desde el principio: no tenemos oficina en la ciudad ni te vamos a cobrar el sobreprecio de tenerla.","We are a studio from Irún working remotely with businesses in Donostia. We say it upfront: we have no office in the city, and we are not charging you the premium of keeping one.",""
"copy.ts","localPages","1442","Sin precios de la Parte Vieja","Without old-town prices",""
"copy.ts","localPages","1444","Una web de agencia en Donostia empieza en cuatro cifras y sigue con una factura de mantenimiento aparte. Nosotros trabajamos con tarifa plana: desde 29 €/mes con todo dentro. Mismo resultado, sin el sobrecoste de tener oficina en la Avenida.","An agency website in Donostia starts in four figures and then adds a separate maintenance invoice. We work on a flat rate: from €29/mo with everything included. Same outcome, without the overhead of an office on the Avenida.",""
"copy.ts","localPages","1450","Hostelería y comercio","Hospitality and retail",""
"copy.ts","localPages","1452","Bares, restaurantes, pensiones, tiendas. En Donostia tu web compite con las plataformas de reservas y con TripAdvisor: si no tienes una página propia rápida, con la carta actualizada y un botón de reserva claro, el cliente acaba reservando en otro sitio y pagando comisión.","Bars, restaurants, guesthouses, shops. In Donostia your website competes with booking platforms and TripAdvisor: without a fast site of your own, an up-to-date menu and a clear booking button, the customer ends up booking elsewhere and paying commission.",""
"copy.ts","localPages","1458","En los idiomas que necesitas","In the languages you need",""
"copy.ts","localPages","1460","Aquí entra gente que busca en castellano, en euskera, en francés y en inglés. Montamos la web multiidioma desde el principio, que es mucho más barato que añadirlo después. El contenido lo escribes tú o lo preparamos juntos.","People here search in Spanish, Basque, French and English. We build the site multilingual from the start, which is far cheaper than bolting it on later. You write the content or we prepare it together.",""
"copy.ts","localPages","1466","Que salga en el mapa","So you show on the map",""
"copy.ts","localPages","1468","La mitad de las búsquedas de un negocio donostiarra acaban en el mapa de Google, no en la lista de resultados. Dejamos tu ficha, tus datos y tu web coherentes entre sí para que el mapa te tenga en cuenta.","Half the searches for a San Sebastián business end up on the Google map, not in the results list. We keep your profile, your data and your website consistent with each other so the map takes you into account.",""
"copy.ts","localPages","1473","También trabajamos en","We also work in",""
"copy.ts","localPages","1477","¿Tenéis oficina en San Sebastián?","Do you have an office in San Sebastián?",""
"copy.ts","localPages","1479","No tenemos oficina en Donostia ni en ningún sitio: somos un estudio de Irún que trabaja en remoto. Preferimos decírtelo antes que fingir una dirección en el centro, como hacen algunos. Todo el proyecto se lleva por videollamada, email y WhatsApp, y eso es parte de por qué la cuota es la que es.","We have no office in Donostia or anywhere else: we are a studio from Irún working remotely. We would rather tell you than fake a city-centre address, as some do. The whole project runs over video call, email and WhatsApp — and that is part of why the fee is what it is.",""
"copy.ts","localPages","1484","¿Hacéis webs en euskera?","Do you build websites in Basque?",""
"copy.ts","localPages","1486","Sí, montamos la web en tantos idiomas como necesites — euskera, castellano, francés, inglés. La parte técnica la ponemos nosotros; los textos en euskera los aportas tú o los encargamos a un traductor.","Yes, we build the site in as many languages as you need — Basque, Spanish, French, English. We handle the technical side; the Basque copy either comes from you or we commission a translator.",""
"copy.ts","localPages","1504","DISEÑO WEB","WEB DESIGN",""
"copy.ts","localPages","1505","HONDARRIBIA","HONDARRIBIA",""
"copy.ts","localPages","1508","Hondarribia vive del que viene de fuera, y el que viene de fuera te busca en el móvil antes de decidir dónde come o dónde duerme. Si a esa hora tu web no carga o no tiene la carta actualizada, ya has perdido la mesa.","Hondarribia lives off visitors, and visitors look you up on their phone before deciding where to eat or sleep. If at that moment your site is slow or your menu is out of date, the table is already lost.",""
"copy.ts","localPages","1514","Hostelería que se reserva sola","Hospitality that books itself",""
"copy.ts","localPages","1516","Restaurantes, sidrerías, pensiones y casas rurales. Carta actualizable por ti, botón de reserva visible y fotos que abran el apetito — sin depender de una plataforma que te cobra comisión por cada cliente que ya era tuyo.","Restaurants, cider houses, guesthouses and rural lodgings. A menu you update yourself, a visible booking button and photos that whet the appetite — without depending on a platform charging commission on customers who were already yours.",""
"copy.ts","localPages","1522","En el idioma del visitante","In the visitor's language",""
"copy.ts","localPages","1524","Aquí entra francés de Hendaya, turista de crucero y visitante del interior. Montamos la web en castellano, euskera, francés e inglés desde el principio, que sale mucho más barato que añadirlo cuando ya está hecha.","Here you get French visitors from Hendaye, cruise tourists and travellers from inland. We build the site in Spanish, Basque, French and English from the start — far cheaper than bolting it on afterwards.",""
"copy.ts","localPages","1530","Que te encuentren en el mapa","So they find you on the map",""
"copy.ts","localPages","1532","Casi nadie busca tu nombre: buscan ""dónde comer en Hondarribia"" con el móvil en la mano y a doscientos metros de tu puerta. Trabajamos tu ficha de Google y tu web para que aparezcas en ese momento exacto.","Almost nobody searches your name: they search ""where to eat in Hondarribia"" with their phone in hand, two hundred metres from your door. We work on your Google profile and your site so you show up at that exact moment.",""
"copy.ts","localPages","1538","Una cuota, no una inversión","A fee, not an investment",""
"copy.ts","localPages","1540","Un negocio con temporada alta y baja no debería soltar mil euros de golpe por una web. Desde 29 €/mes con alojamiento, certificado y mantenimiento dentro, y sin permanencia si un invierno decides parar.","A business with high and low seasons should not drop a thousand euros at once on a website. From €29/mo with hosting, certificate and maintenance included, and no lock-in if one winter you decide to stop.",""
"copy.ts","localPages","1545","También trabajamos en","We also work in",""
"copy.ts","localPages","1550","¿Podéis poner la carta del restaurante para que la cambie yo?","Can you set up the menu so I can change it myself?",""
"copy.ts","localPages","1554","Sí, y es de lo primero que montamos. Cambias platos y precios desde el móvil sin escribirnos ni esperar a nadie — algo esencial cuando la carta se mueve con la temporada o con lo que haya en la lonja.","Yes, and it is one of the first things we set up. You change dishes and prices from your phone without writing to us or waiting for anyone — essential when the menu shifts with the season or with the day’s catch.",""
"copy.ts","localPages","1560","¿Merece la pena una web si ya salgo en las plataformas de reservas?","Is a website worth it if I am already on the booking platforms?",""
"copy.ts","localPages","1564","Precisamente por eso. En esas plataformas compites en una lista con todos tus vecinos y pagas comisión por cada reserva. Con web propia, quien te busca por tu nombre reserva directamente contigo y esa comisión te la quedas tú.","That is exactly why. On those platforms you compete in a list against all your neighbours and pay commission on every booking. With your own site, whoever searches your name books directly with you and that commission stays with you.",""
"copy.ts","localPages","1579","PÁGINAS WEB","WEBSITES",""
"copy.ts","localPages","1580","EN GIPUZKOA","IN GIPUZKOA",""
"copy.ts","localPages","1583","Diseñamos y programamos páginas web para negocios de toda Gipuzkoa. Somos de Irún y trabajamos en remoto, así que estés en Tolosa, en Eibar o en Zarautz, el proceso es exactamente el mismo.","We design and build websites for businesses across Gipuzkoa. We are from Irún and we work remotely, so whether you are in Tolosa, Eibar or Zarautz, the process is exactly the same.",""
"copy.ts","localPages","1589","De Irún a Eibar","From Irún to Eibar",""
"copy.ts","localPages","1591","Trabajamos con negocios de la costa, del Bidasoa, de Donostialdea, del Goierri y del Alto Deba. Al ser todo en remoto, da igual que estés en Irún o en Eibar: el trato es el mismo y no hay desplazamientos que cuadrar.","We work with businesses on the coast, in the Bidasoa, Donostialdea, Goierri and Alto Deba. Since everything is remote, it makes no difference whether you are in Irún or Eibar: same service, and no travel to schedule.",""
"copy.ts","localPages","1597","Industria, comercio y servicios","Industry, retail and services",""
"copy.ts","localPages","1599","En Gipuzkoa hay mucho taller, mucha empresa industrial y mucho proveedor que factura fuera y sigue con una web de hace quince años. Ese perfil es el que más gana con un rediseño: no necesitas vender online, necesitas que quien te busque por el nombre no piense que has cerrado.","Gipuzkoa is full of workshops, industrial firms and suppliers who invoice abroad and still run a fifteen-year-old website. That profile gains the most from a redesign: you do not need to sell online, you need whoever searches your name not to assume you have shut down.",""
"copy.ts","localPages","1605","Todo desde aquí","All from here",""
"copy.ts","localPages","1607","Diseño, programación, alojamiento y mantenimiento los llevamos nosotros, sin subcontratar. Tu web se aloja en servidores propios en Europa, no en una plantilla alquilada que se rompe cuando el proveedor cambia de opinión.","Design, development, hosting and maintenance are all ours, nothing subcontracted. Your site runs on our own servers in Europe, not on a rented template that breaks when the provider changes its mind.",""
"copy.ts","localPages","1613","Precio cerrado","A closed price",""
"copy.ts","localPages","1615","Desde 29 €/mes más un alta única desde 49 €. Tienda online completa, 99 €/mes. Todo con alojamiento, SSL, mantenimiento y un número de cambios al mes incluidos. Sin permanencia y sin letra pequeña.","From €29/mo plus a one-time setup from €49. A full online store, €99/mo. All with hosting, SSL, maintenance and a number of monthly changes included. No lock-in and no fine print.",""
"copy.ts","localPages","1620","Algunos municipios donde trabajamos","Some of the towns we work in",""
"copy.ts","localPages","1636","¿Trabajáis en remoto o hay que veros?","Do you work remotely, or do we have to meet?",""
"copy.ts","localPages","1640","Todo en remoto, de principio a fin. Arrancamos con una videollamada para entender tu negocio y a partir de ahí vamos por email o WhatsApp, enseñándote avances reales. No hay que cuadrar visitas ni cerrar el negocio para atendernos.","Everything remotely, start to finish. We open with a video call to understand your business and carry on over email or WhatsApp, showing you real progress. No visits to schedule and no closing your shop to receive us.",""
"copy.ts","localPages","1646","¿Y si mi negocio está fuera de Gipuzkoa?","What if my business is outside Gipuzkoa?",""
"copy.ts","localPages","1650","Ningún problema: trabajamos con toda España exactamente igual. Como todo es en remoto, que estés en Gipuzkoa o en Málaga no cambia el precio, el proceso ni el resultado.","No problem at all: we work with the whole of Spain in exactly the same way. Since everything is remote, being in Gipuzkoa or in Málaga changes neither the price, the process nor the result.",""
"copy.ts","LOCAL_PAGE","1660","← Volver al inicio","← Back to home",""
"copy.ts","LOCAL_PAGE","1661","Qué hacemos","What we do",""
"copy.ts","LOCAL_PAGE","1662","Preguntas frecuentes","Frequently asked",""
"copy.ts","LOCAL_PAGE","1663","Cuánto cuesta","What it costs",""
"copy.ts","LOCAL_PAGE","1664","VER TODAS LAS TARIFAS →","SEE ALL PLANS →",""
"copy.ts","LOCAL_PAGE","1665","Tarifas","Pricing",""
"copy.ts","LOCAL_PAGE","1666","Empezar proyecto","Start a project",""
"copy.ts","LOCAL_PAGE","1667","EMPEZAR PROYECTO →","START A PROJECT →",""
"copy.ts","LOCAL_PAGE","1669","Cuéntanos qué necesitas. Te respondemos en menos de 24 horas, sin compromiso.","Tell us what you need. We reply within 24 hours, no strings attached.",""
"copy.ts","NOT_FOUND","1676","(ERROR 404)","(ERROR 404)",""
"copy.ts","NOT_FOUND","1677","Página no encontrada","Page not found",""
"copy.ts","NOT_FOUND","1679","La página que buscas no existe o se ha movido de sitio.","The page you're looking for doesn't exist or has moved.",""
"copy.ts","NOT_FOUND","1682","VOLVER AL INICIO →","BACK TO HOME →",""
"copy.ts","FOOTER","1688","ESTUDIO","STUDIO",""
"copy.ts","FOOTER","1690","Servicios","Services",""
"copy.ts","FOOTER","1691","Qué incluye","What you get",""
"copy.ts","FOOTER","1692","Proceso","Process",""
"copy.ts","FOOTER","1693","Trabajo","Work",""
"copy.ts","FOOTER","1694","Tarifas","Pricing",""
"copy.ts","FOOTER","1695","FAQ","FAQ",""
"copy.ts","FOOTER","1699","CONTACTO","CONTACT",""
"copy.ts","FOOTER","1700","Respondemos en <24h","We reply within 24h",""
"copy.ts","FOOTER","1706","ZONA","AREA",""
"copy.ts","FOOTER","1708","Diseño web en Irún","Web design in Irún",""
"copy.ts","FOOTER","1711","Diseño web en San Sebastián","Web design in San Sebastián",""
"copy.ts","FOOTER","1715","Diseño web en Hondarribia","Web design in Hondarribia",""
"copy.ts","FOOTER","1719","Páginas web en Gipuzkoa","Websites in Gipuzkoa",""
"copy.ts","FOOTER","1727","LEGAL","LEGAL",""
"copy.ts","FOOTER","1729","Aviso legal","Legal notice",""
"copy.ts","FOOTER","1730","Privacidad","Privacy",""
"copy.ts","FOOTER","1731","Cookies","Cookies",""
"copy.ts","FOOTER","1732","Términos","Terms",""
"copy.ts","FOOTER","1735","© ${YEAR} ${BRAND} ESTUDIO","© ${YEAR} ${BRAND} STUDIO",""
"copy.ts","FOOTER","1741","${BUSINESS.city} · ${BUSINESS.region} · España","${BUSINESS.city} · ${BUSINESS.region} · Spain",""
"legal.ts","LEGAL","22","B93796357","B93796357",""
"legal.ts","LEGAL","26","Última actualización: julio de 2026","Last updated: July 2026",""
"legal.ts","LEGAL","27","← Volver al inicio","← Back to home",""
"legal.ts","LEGAL","28","Documentos legales","Legal documents",""
"legal.ts","COOKIES","39","Usamos cookies","We use cookies",""
"legal.ts","COOKIES","41","Solo utilizamos cookies técnicas propias, necesarias para el funcionamiento del sitio y para recordar tus preferencias (como el idioma). No usamos cookies de seguimiento; medimos visitas con analítica propia sin cookies y sin compartir datos con terceros. Puedes leer más en nuestra política de cookies.","We only use our own technical cookies, needed for the site to work and to remember your preferences (such as language). We don’t use tracking cookies; we measure visits with our own cookieless analytics and share no data with third parties. You can read more in our cookie policy.",""
"legal.ts","COOKIES","44","Aceptar","Accept",""
"legal.ts","COOKIES","45","Rechazar","Reject",""
"legal.ts","COOKIES","46","Política de cookies","Cookie policy",""
"legal.ts","legalDocs","56","Aviso legal","Legal notice",""
"legal.ts","legalDocs","57","Aviso legal","Legal notice",""
"legal.ts","legalDocs","59","Condiciones que regulan el acceso y uso de este sitio web, en cumplimiento de la Ley 34/2002 de Servicios de la Sociedad de la Información y de Comercio Electrónico (LSSI-CE).","Terms governing access to and use of this website, in compliance with Spanish Law 34/2002 on Information Society Services and Electronic Commerce (LSSI-CE).",""
"legal.ts","legalDocs","64","1. Datos identificativos","1. Identifying details",""
"legal.ts","legalDocs","67","En cumplimiento de la normativa vigente, se informa de que este sitio web es titularidad de ${LEGAL.titular}, con NIF ${LEGAL.nif.es} y domicilio en ${LEGAL.domicilio}.","In accordance with applicable law, this website is owned by ${LEGAL.titular}, tax ID ${LEGAL.nif.en}, with registered address at ${LEGAL.domicilio}.",""
"legal.ts","legalDocs","71","Correo electrónico de contacto: ${LEGAL.email}. En adelante, ""${BRAND}"" o ""el titular"".","Contact email: ${LEGAL.email}. Hereinafter, ""${BRAND}"" or ""the owner"".",""
"legal.ts","legalDocs","77","2. Objeto y condiciones de uso","2. Purpose and terms of use",""
"legal.ts","legalDocs","80","El acceso a este sitio atribuye la condición de usuario e implica la aceptación de las presentes condiciones. El usuario se compromete a hacer un uso adecuado de los contenidos y a no emplearlos para actividades ilícitas o que dañen los derechos e intereses de terceros.","Accessing this site grants the condition of user and implies acceptance of these terms. The user agrees to make appropriate use of the content and not to use it for unlawful activities or in ways that harm the rights and interests of third parties.",""
"legal.ts","legalDocs","86","3. Propiedad intelectual e industrial","3. Intellectual and industrial property",""
"legal.ts","legalDocs","89","Todos los contenidos del sitio (textos, diseño, código, logotipos e imágenes) son propiedad del titular o de terceros que han autorizado su uso, y están protegidos por los derechos de propiedad intelectual e industrial. Queda prohibida su reproducción, distribución o transformación sin autorización expresa de ${BRAND}.","All content on the site (text, design, code, logos and images) is owned by the owner or by third parties who have authorised its use, and is protected by intellectual and industrial property rights. Its reproduction, distribution or transformation without the express authorisation of ${BRAND} is prohibited.",""
"legal.ts","legalDocs","95","4. Responsabilidad","4. Liability",""
"legal.ts","legalDocs","98","El titular no se hace responsable de los daños derivados del mal uso del sitio ni de las interrupciones, errores u omisiones que pudieran existir. Se reserva el derecho a modificar o suspender el sitio y sus contenidos sin previo aviso.","The owner is not liable for damages arising from misuse of the site, nor for any interruptions, errors or omissions that may exist. It reserves the right to modify or suspend the site and its content without prior notice.",""
"legal.ts","legalDocs","104","5. Enlaces","5. Links",""
"legal.ts","legalDocs","107","Este sitio puede contener enlaces a páginas de terceros. El titular no asume responsabilidad alguna sobre los contenidos o servicios de dichos sitios.","This site may contain links to third-party pages. The owner assumes no responsibility for the content or services of such sites.",""
"legal.ts","legalDocs","113","6. Legislación aplicable","6. Applicable law",""
"legal.ts","legalDocs","116","Las presentes condiciones se rigen por la legislación española. Para la resolución de cualquier controversia, las partes se someten a los juzgados y tribunales del domicilio del titular, salvo que la ley disponga otra cosa.","These terms are governed by Spanish law. For the resolution of any dispute, the parties submit to the courts of the owner’s domicile, unless the law provides otherwise.",""
"legal.ts","legalDocs","125","Privacidad","Privacy",""
"legal.ts","legalDocs","126","Política de privacidad","Privacy policy",""
"legal.ts","legalDocs","128","Información sobre el tratamiento de tus datos personales conforme al Reglamento (UE) 2016/679 (RGPD) y la Ley Orgánica 3/2018 (LOPDGDD).","Information on the processing of your personal data under Regulation (EU) 2016/679 (GDPR) and Spanish Organic Law 3/2018 (LOPDGDD).",""
"legal.ts","legalDocs","133","1. Responsable del tratamiento","1. Data controller",""
"legal.ts","legalDocs","136","El responsable del tratamiento de tus datos es ${LEGAL.titular}, con NIF ${LEGAL.nif.es}, domicilio en ${LEGAL.domicilio} y correo de contacto ${LEGAL.email}.","The controller of your data is ${LEGAL.titular}, tax ID ${LEGAL.nif.en}, address ${LEGAL.domicilio}, contact email ${LEGAL.email}.",""
"legal.ts","legalDocs","142","2. Datos que tratamos y finalidad","2. Data we process and purpose",""
"legal.ts","legalDocs","145","Tratamos los datos que nos facilitas voluntariamente a través del formulario ""Empezar proyecto"" o al contactarnos por correo electrónico (nombre, email, teléfono si lo indicas, datos de tu negocio y la información que incluyas en tu mensaje), con la finalidad de atender tu solicitud, elaborar una propuesta y, en su caso, prestarte nuestros servicios. Los envíos del formulario se almacenan en nuestros propios sistemas y generan un correo de confirmación automático.","We process the data you voluntarily provide through the ""Start a project"" form or when contacting us by email (name, email, phone if given, details about your business and any information you include in your message), in order to handle your request, prepare a proposal and, where applicable, provide our services. Form submissions are stored on our own systems and trigger an automatic confirmation email.",""
"legal.ts","legalDocs","151","3. Legitimación","3. Legal basis",""
"legal.ts","legalDocs","154","La base legal es tu consentimiento al contactarnos y, cuando proceda, la ejecución de un contrato de servicios o el interés legítimo en responder a tus solicitudes.","The legal basis is your consent when contacting us and, where applicable, the performance of a service contract or the legitimate interest in responding to your requests.",""
"legal.ts","legalDocs","160","4. Conservación de los datos","4. Data retention",""
"legal.ts","legalDocs","163","Conservamos tus datos durante el tiempo necesario para atender tu solicitud y, si llegamos a trabajar juntos, durante la relación contractual y los plazos legales aplicables. Después se suprimen de forma segura.","We keep your data for as long as necessary to handle your request and, if we end up working together, for the duration of the contractual relationship and the applicable legal periods. They are then securely deleted.",""
"legal.ts","legalDocs","169","5. Destinatarios","5. Recipients",""
"legal.ts","legalDocs","172","No cedemos tus datos a terceros, salvo obligación legal. Podemos utilizar proveedores de servicios (alojamiento, correo) que actúan como encargados del tratamiento con las debidas garantías.","We do not share your data with third parties except where legally required. We may use service providers (hosting, email) acting as data processors with the appropriate safeguards.",""
"legal.ts","legalDocs","178","6. Tus derechos","6. Your rights",""
"legal.ts","legalDocs","181","Puedes ejercer tus derechos de acceso, rectificación, supresión, oposición, limitación y portabilidad escribiendo a ${LEGAL.email}. También tienes derecho a presentar una reclamación ante la Agencia Española de Protección de Datos (www.aepd.es).","You may exercise your rights of access, rectification, erasure, objection, restriction and portability by writing to ${LEGAL.email}. You also have the right to lodge a complaint with the Spanish Data Protection Agency (www.aepd.es).",""
"legal.ts","legalDocs","187","7. Seguridad","7. Security",""
"legal.ts","legalDocs","190","Aplicamos medidas técnicas y organizativas adecuadas para proteger tus datos frente a accesos no autorizados, pérdida o alteración.","We apply appropriate technical and organisational measures to protect your data against unauthorised access, loss or alteration.",""
"legal.ts","legalDocs","199","Cookies","Cookies",""
"legal.ts","legalDocs","200","Política de cookies","Cookie policy",""
"legal.ts","legalDocs","202","Información sobre el uso de cookies en este sitio, conforme al artículo 22.2 de la LSSI-CE.","Information on the use of cookies on this site, in accordance with article 22.2 of the LSSI-CE.",""
"legal.ts","legalDocs","207","1. ¿Qué son las cookies?","1. What are cookies?",""
"legal.ts","legalDocs","210","Las cookies son pequeños archivos que se descargan en tu dispositivo al visitar una web y permiten su funcionamiento, así como recopilar información sobre la navegación.","Cookies are small files downloaded to your device when you visit a website. They allow the site to work and can collect information about your browsing.",""
"legal.ts","legalDocs","216","2. Cookies que utilizamos","2. Cookies we use",""
"legal.ts","legalDocs","219","Cookies técnicas necesarias: imprescindibles para el funcionamiento del sitio y para recordar tus preferencias (como el idioma o tu decisión sobre cookies). No requieren consentimiento.","Necessary technical cookies: essential for the site to work and to remember your preferences (such as language or your cookie choice). They do not require consent.",""
"legal.ts","legalDocs","223","No utilizamos cookies de terceros ni de seguimiento. Para medir las visitas usamos Umami, una herramienta de analítica autoalojada en nuestros propios servidores que no usa cookies, no identifica a los visitantes y no comparte datos con terceros. El resto de recursos del sitio, incluidas las fuentes tipográficas, también se sirven desde nuestros propios dominios.","We do not use third-party or tracking cookies. To measure visits we use Umami, an analytics tool self-hosted on our own servers that sets no cookies, does not identify visitors and shares no data with third parties. All other site resources, including the typefaces, are also served from our own domains.",""
"legal.ts","legalDocs","229","3. Gestión de cookies","3. Managing cookies",""
"legal.ts","legalDocs","232","Puedes aceptar o rechazar las cookies no necesarias desde el aviso que aparece al entrar. Además, puedes configurar o eliminar las cookies desde los ajustes de tu navegador en cualquier momento.","You can accept or reject non-essential cookies from the banner shown on entry. You can also configure or delete cookies from your browser settings at any time.",""
"legal.ts","legalDocs","238","4. Consentimiento","4. Consent",""
"legal.ts","legalDocs","241","Al aceptar, consientes el uso de las cookies descritas. Puedes cambiar tu decisión en cualquier momento borrando las cookies del sitio en tu navegador.","By accepting, you consent to the use of the cookies described. You can change your decision at any time by clearing the site’s cookies in your browser.",""
"legal.ts","legalDocs","250","Términos","Terms",""
"legal.ts","legalDocs","251","Términos y condiciones","Terms & conditions",""
"legal.ts","legalDocs","253","Condiciones generales que regulan la contratación de los servicios de diseño y desarrollo web ofrecidos por el titular.","General terms governing the contracting of the web design and development services offered by the owner.",""
"legal.ts","legalDocs","258","1. Objeto","1. Purpose",""
"legal.ts","legalDocs","261","${BRAND} ofrece servicios de branding, diseño y desarrollo web, tiendas online y mantenimiento, bajo una cuota fija mensual (tarifa plana) según el plan contratado.","${BRAND} provides branding, web design and development, online stores and maintenance services, under a fixed monthly fee (flat rate) according to the plan contracted.",""
"legal.ts","legalDocs","267","2. Tarifas y pagos","2. Fees and payments",""
"legal.ts","legalDocs","270","Los servicios se prestan mediante una cuota mensual que incluye alojamiento, certificado SSL, mantenimiento y actualizaciones, según el plan elegido. La cuota se factura de forma periódica y los precios pueden actualizarse comunicándolo previamente al cliente.","Services are provided through a monthly fee that includes hosting, SSL certificate, maintenance and updates, according to the chosen plan. The fee is billed periodically and prices may be updated with prior notice to the client.",""
"legal.ts","legalDocs","274","El dominio no está incluido en la cuota: su registro es un pago único e independiente, cuyo importe varía según el nombre elegido. El titular puede gestionar su compra por cuenta del cliente.","The domain is not included in the fee: its registration is a separate one-time payment whose amount varies depending on the chosen name. The owner may handle its purchase on behalf of the client.",""
"legal.ts","legalDocs","278","Además de la cuota mensual, la contratación de cualquier plan incluye una alta única de puesta en marcha, cuyo importe depende del plan contratado (consultar tarifas vigentes); esta alta no es reembolsable una vez iniciado el servicio. En los planes con tienda online, las comisiones de la pasarela de pago las factura directamente el proveedor de pago (p. ej. Stripe o Redsys) y no forman parte de la cuota del titular.","In addition to the monthly fee, signing up to any plan includes a one-time setup fee, the amount of which depends on the plan contracted (see current pricing); this setup fee is non-refundable once the service has started. On plans that include an online store, payment gateway fees are billed directly by the payment provider (e.g. Stripe or Redsys) and are not part of the owner's fee.",""
"legal.ts","legalDocs","284","3. Propiedad y alcance del servicio","3. Ownership and scope of service",""
"legal.ts","legalDocs","287","El diseño, el código y la infraestructura de la web son desarrollados y mantenidos por ${BRAND}, que conserva su titularidad. El servicio consiste en mantener la web operativa y actualizada mientras el cliente mantenga su tarifa plana en vigor.","The design, code and infrastructure of the website are developed and maintained by ${BRAND}, which retains ownership of them. The service consists of keeping the website operational and up to date while the client keeps their flat-rate plan active.",""
"legal.ts","legalDocs","293","4. Duración y cancelación","4. Term and cancellation",""
"legal.ts","legalDocs","296","No existe permanencia. El cliente puede cancelar cuando lo desee; al finalizar la relación, la web deja de renovarse y se da de baja. El dominio, si fue adquirido, seguirá las condiciones de su registro.","There is no minimum commitment. The client may cancel at any time; when the relationship ends, the website stops being renewed and is taken down. The domain, if acquired, will follow the conditions of its registration.",""
"legal.ts","legalDocs","302","5. Obligaciones del cliente","5. Client obligations",""
"legal.ts","legalDocs","305","El cliente se compromete a facilitar la información y los materiales necesarios para la prestación del servicio, y a que dichos contenidos no infrinjan derechos de terceros ni la legislación vigente.","The client agrees to provide the information and materials needed to deliver the service, and to ensure that such content does not infringe third-party rights or applicable law.",""
"legal.ts","legalDocs","311","6. Responsabilidad","6. Liability",""
"legal.ts","legalDocs","314","El titular pondrá todos los medios razonables para garantizar la disponibilidad y seguridad del servicio, sin que pueda responsabilizarse de incidencias ajenas a su control (proveedores, fuerza mayor, etc.).","The owner will use all reasonable means to ensure the availability and security of the service, but cannot be held responsible for incidents beyond its control (providers, force majeure, etc.).",""
"legal.ts","legalDocs","320","7. Legislación aplicable","7. Applicable law",""
"legal.ts","legalDocs","323","Estas condiciones se rigen por la legislación española. Cualquier controversia se someterá a los juzgados y tribunales del domicilio del titular, salvo que la ley disponga otra cosa.","These terms are governed by Spanish law. Any dispute will be submitted to the courts of the owner’s domicile, unless the law provides otherwise.",""
